date,city,governorate,latitude,longitude,track,channel,participants,completed,satisfaction_score,cost,revenue,completion_rate,profit
2026-09-01,Cairo,Cairo,30.0444,31.2357,AI,Online,35,28,4.5,9000,16000,80.0,7000
2026-09-03,Giza,Giza,30.0131,31.2089,Data,Offline,42,37,4.2,12000,21000,88.1,9000
2026-09-05,Alexandria,Alexandria,31.2001,29.9187,Coding,Hybrid,30,21,3.9,8000,14500,70.0,6500
2026-09-07,Aswan,Aswan,24.0889,32.8998,AI,Offline,24,19,4.7,7000,12500,79.2,5500
2026-09-09,Cairo,Cairo,30.0444,31.2357,Data,Hybrid,50,43,4.4,13000,24000,86.0,11000
2026-09-11,Giza,Giza,30.0131,31.2089,Coding,Online,38,31,4.1,9500,17500,81.6,8000
2026-09-13,Alexandria,Alexandria,31.2001,29.9187,AI,Online,45,39,4.6,11000,22000,86.7,11000
2026-09-15,Aswan,Aswan,24.0889,32.8998,Data,Hybrid,28,22,4.0,7500,14000,78.6,6500
2026-09-17,Cairo,Cairo,30.0444,31.2357,Coding,Offline,55,46,4.3,15000,27000,83.6,12000
2026-09-19,Giza,Giza,30.0131,31.2089,AI,Hybrid,33,27,4.5,9000,18000,81.8,9000
2026-09-21,Alexandria,Alexandria,31.2001,29.9187,Data,Offline,40,34,4.1,10500,19500,85.0,9000
2026-09-23,Aswan,Aswan,24.0889,32.8998,Coding,Online,22,17,3.8,6000,11500,77.3,5500
2026-09-25,Cairo,Cairo,30.0444,31.2357,AI,Offline,48,42,4.8,12500,25000,87.5,12500
2026-09-27,Giza,Giza,30.0131,31.2089,Data,Online,36,29,4.0,8500,16500,80.6,8000
2026-09-29,Alexandria,Alexandria,31.2001,29.9187,Coding,Hybrid,44,36,4.4,11500,21500,81.8,10000
2026-10-01,Aswan,Aswan,24.0889,32.8998,AI,Online,26,21,4.6,6500,13000,80.8,6500
2026-10-02,Cairo,Cairo,30.0444,31.2357,Data,Offline,52,44,4.5,14000,26000,84.6,12000
2026-10-03,Giza,Giza,30.0131,31.2089,Coding,Hybrid,41,33,4.2,10000,19000,80.5,9000
2026-10-04,Alexandria,Alexandria,31.2001,29.9187,AI,Offline,32,27,4.3,8500,17000,84.4,8500
2026-10-05,Aswan,Aswan,24.0889,32.8998,Data,Online,25,20,4.1,6500,12500,80.0,6000
2026-10-06,Cairo,Cairo,30.0444,31.2357,Coding,Hybrid,47,40,4.5,12000,23000,85.1,11000
2026-10-07,Giza,Giza,30.0131,31.2089,AI,Online,39,34,4.7,10000,20500,87.2,10500
2026-10-08,Alexandria,Alexandria,31.2001,29.9187,Data,Hybrid,46,38,4.3,11500,22000,82.6,10500
2026-10-09,Aswan,Aswan,24.0889,32.8998,Coding,Offline,29,23,3.9,7000,13500,79.3,6500
2026-10-10,Cairo,Cairo,30.0444,31.2357,AI,Hybrid,58,51,4.8,15000,29000,87.9,14000
2026-10-11,Giza,Giza,30.0131,31.2089,Data,Offline,43,36,4.2,11000,20500,83.7,9500
2026-10-12,Alexandria,Alexandria,31.2001,29.9187,Coding,Online,37,30,4.0,9000,17000,81.1,8000
2026-10-13,Aswan,Aswan,24.0889,32.8998,AI,Hybrid,31,26,4.5,8000,15500,83.9,7500
2026-10-14,Cairo,Cairo,30.0444,31.2357,Data,Online,49,42,4.6,12500,24500,85.7,12000
2026-10-15,Giza,Giza,30.0131,31.2089,Coding,Offline,54,45,4.3,13500,25500,83.3,12000
2026-10-16,Alexandria,Alexandria,31.2001,29.9187,AI,Hybrid,35,29,4.4,9000,18000,82.9,9000
2026-10-17,Aswan,Aswan,24.0889,32.8998,Data,Offline,27,22,4.0,7000,13500,81.5,6500
2026-10-18,Cairo,Cairo,30.0444,31.2357,Coding,Online,51,43,4.5,13000,25000,84.3,12000
2026-10-19,Giza,Giza,30.0131,31.2089,AI,Offline,46,40,4.7,11500,23500,87.0,12000
2026-10-20,Alexandria,Alexandria,31.2001,29.9187,Data,Hybrid,53,45,4.4,13500,25500,84.9,12000
2026-10-21,Aswan,Aswan,24.0889,32.8998,Coding,Online,23,18,3.8,6000,11000,78.3,5000
